{
  "rules": [
    [
      0,
      0,
      0,
      2
    ],
    [
      2,
      1,
      0,
      0
    ],
    [
      1,
      0,
      0,
      1
    ],
    [
      1,
      1,
      0,
      0
    ]
  ],
  "fuzzy_layer": {
    "centers": [
      [
        -0.06860630214214325,
        0.516973614692688,
        1.1260684728622437
      ],
      [
        0.10235648602247238,
        0.4928821921348572,
        1.137105107307434
      ],
      [
        0.12628886103630066,
        0.38147032260894775,
        1.123656153678894
      ],
      [
        -0.09615867584943771,
        0.6116109490394592,
        1.1530039310455322
      ]
    ],
    "sigmas": [
      [
        0.14278952777385712,
        0.17232783138751984,
        0.13551510870456696
      ],
      [
        0.16558048129081726,
        0.13567420840263367,
        0.13318312168121338
      ],
      [
        0.16968345642089844,
        0.1353086680173874,
        0.13490504026412964
      ],
      [
        0.13821886479854584,
        0.1688658744096756,
        0.1357218474149704
      ]
    ]
  }
}