{
  "epoch": [
    1
  ],
  "train_loss": [
    1.0991039594014487
  ],
  "train_accuracy": [
    0.31666666666666665
  ],
  "val_loss": [
    null
  ],
  "val_accuracy": [
    null
  ],
  "learning_rate": [
    0.01
  ],
  "epoch_seconds": [
    0.6859914000087883
  ],
  "best_checkpoint": [
    true
  ]
}