{
  "rules": [
    [
      0,
      0,
      0,
      2
    ],
    [
      2,
      1,
      0,
      0
    ],
    [
      1,
      0,
      0,
      1
    ],
    [
      1,
      1,
      0,
      0
    ]
  ],
  "fuzzy_layer": {
    "centers": [
      [
        -0.15216052532196045,
        0.5612427592277527,
        1.1853598356246948
      ],
      [
        0.10163293778896332,
        0.569503903388977,
        1.1952476501464844
      ],
      [
        0.17764374613761902,
        0.3710981011390686,
        1.175040602684021
      ],
      [
        -0.14936353266239166,
        0.6799557209014893,
        1.231865406036377
      ]
    ],
    "sigmas": [
      [
        0.1319255381822586,
        0.1825469434261322,
        0.12814772129058838
      ],
      [
        0.1638685017824173,
        0.13419213891029358,
        0.12616844475269318
      ],
      [
        0.17800301313400269,
        0.13396762311458588,
        0.1291666179895401
      ],
      [
        0.12972550094127655,
        0.16400788724422455,
        0.1269780397415161
      ]
    ]
  }
}