{
  "test_loss": 0.8485769708951314,
  "test_accuracy": 0.6666666666666666,
  "test_balanced_accuracy": 0.6666666666666666,
  "test_precision_macro": 0.5,
  "test_recall_macro": 0.6666666666666666,
  "test_f1_macro": 0.5555555555555555,
  "test_f1_weighted": 0.5555555555555555,
  "confusion_matrix": [
    [
      10,
      0,
      0
    ],
    [
      0,
      0,
      10
    ],
    [
      0,
      0,
      10
    ]
  ],
  "classification_report": {
    "setosa": {
      "precision": 1.0,
      "recall": 1.0,
      "f1-score": 1.0,
      "support": 10.0
    },
    "versicolor": {
      "precision": 0.0,
      "recall": 0.0,
      "f1-score": 0.0,
      "support": 10.0
    },
    "virginica": {
      "precision": 0.5,
      "recall": 1.0,
      "f1-score": 0.6666666666666666,
      "support": 10.0
    },
    "accuracy": 0.6666666666666666,
    "macro avg": {
      "precision": 0.5,
      "recall": 0.6666666666666666,
      "f1-score": 0.5555555555555555,
      "support": 30.0
    },
    "weighted avg": {
      "precision": 0.5,
      "recall": 0.6666666666666666,
      "f1-score": 0.5555555555555555,
      "support": 30.0
    }
  },
  "n_test_samples": 30,
  "train_seconds": 2.2030877000070177,
  "seconds_per_epoch_mean": 0.7340052333311178,
  "seconds_per_epoch_std": 0.06562106122314422,
  "n_qubits": 7,
  "n_rules": 4,
  "n_quantum_layers": 1,
  "torch_device": "cpu",
  "quantum_device": "lightning.qubit",
  "diff_method": "adjoint"
}