{
  "test_loss": 1.0768041769663492,
  "test_accuracy": 0.3333333333333333,
  "test_balanced_accuracy": 0.3333333333333333,
  "test_precision_macro": 0.1111111111111111,
  "test_recall_macro": 0.3333333333333333,
  "test_f1_macro": 0.16666666666666666,
  "test_f1_weighted": 0.16666666666666666,
  "confusion_matrix": [
    [
      0,
      0,
      10
    ],
    [
      0,
      0,
      10
    ],
    [
      0,
      0,
      10
    ]
  ],
  "classification_report": {
    "setosa": {
      "precision": 0.0,
      "recall": 0.0,
      "f1-score": 0.0,
      "support": 10.0
    },
    "versicolor": {
      "precision": 0.0,
      "recall": 0.0,
      "f1-score": 0.0,
      "support": 10.0
    },
    "virginica": {
      "precision": 0.3333333333333333,
      "recall": 1.0,
      "f1-score": 0.5,
      "support": 10.0
    },
    "accuracy": 0.3333333333333333,
    "macro avg": {
      "precision": 0.1111111111111111,
      "recall": 0.3333333333333333,
      "f1-score": 0.16666666666666666,
      "support": 30.0
    },
    "weighted avg": {
      "precision": 0.1111111111111111,
      "recall": 0.3333333333333333,
      "f1-score": 0.16666666666666666,
      "support": 30.0
    }
  },
  "n_test_samples": 30,
  "train_seconds": 0.792318299994804,
  "seconds_per_epoch_mean": 0.791275499999756,
  "seconds_per_epoch_std": 0.0,
  "n_qubits": 7,
  "n_rules": 4,
  "n_quantum_layers": 1,
  "torch_device": "cpu",
  "quantum_device": "lightning.qubit",
  "diff_method": "adjoint"
}