{
  "test_loss": 0.15116133003733878,
  "test_accuracy": 0.9418604651162791,
  "test_balanced_accuracy": 0.921875,
  "test_precision_macro": 0.9576271186440678,
  "test_recall_macro": 0.921875,
  "test_f1_macro": 0.935503224838758,
  "test_f1_weighted": 0.9406831983982197,
  "confusion_matrix": [
    [
      27,
      5
    ],
    [
      0,
      54
    ]
  ],
  "classification_report": {
    "malignant": {
      "precision": 1.0,
      "recall": 0.84375,
      "f1-score": 0.9152542372881356,
      "support": 32.0
    },
    "benign": {
      "precision": 0.9152542372881356,
      "recall": 1.0,
      "f1-score": 0.9557522123893806,
      "support": 54.0
    },
    "accuracy": 0.9418604651162791,
    "macro avg": {
      "precision": 0.9576271186440678,
      "recall": 0.921875,
      "f1-score": 0.935503224838758,
      "support": 86.0
    },
    "weighted avg": {
      "precision": 0.946787544343713,
      "recall": 0.9418604651162791,
      "f1-score": 0.9406831983982197,
      "support": 86.0
    }
  },
  "n_test_samples": 86,
  "train_seconds": 176.0573596000031,
  "seconds_per_epoch_mean": 5.501558087501053,
  "seconds_per_epoch_std": 0.2782521388027446,
  "n_qubits": 8,
  "n_rules": 6,
  "n_quantum_layers": 2,
  "torch_device": "cpu",
  "quantum_device": "lightning.qubit",
  "diff_method": "adjoint"
}