{
  "epoch": [
    1,
    2,
    3
  ],
  "train_loss": [
    1.0991039594014487,
    1.037246678272883,
    0.9146786014238993
  ],
  "train_accuracy": [
    0.31666666666666665,
    0.35833333333333334,
    0.6666666666666666
  ],
  "val_loss": [
    null,
    null,
    null
  ],
  "val_accuracy": [
    null,
    null,
    null
  ],
  "learning_rate": [
    0.01,
    0.01,
    0.01
  ],
  "epoch_seconds": [
    0.7837919000012334,
    0.6837030000024242,
    0.8211890999955358
  ],
  "best_checkpoint": [
    true,
    true,
    true
  ]
}