{
  "rules": [
    [
      0,
      0,
      0,
      2
    ],
    [
      2,
      1,
      0,
      0
    ],
    [
      1,
      0,
      0,
      1
    ],
    [
      1,
      1,
      0,
      0
    ],
    [
      0,
      0,
      0,
      0
    ],
    [
      0,
      0,
      0,
      0
    ]
  ],
  "fuzzy_layer": {
    "centers": [
      [
        0.05171697214245796,
        0.4732409417629242,
        0.6324926614761353
      ],
      [
        0.03537720441818237,
        0.7346420884132385,
        0.444845587015152
      ],
      [
        0.19163605570793152,
        0.21164368093013763,
        0.5535930395126343
      ],
      [
        -0.13344231247901917,
        0.6132314801216125,
        0.3649658262729645
      ]
    ],
    "sigmas": [
      [
        0.14053389430046082,
        0.18796536326408386,
        0.16222046315670013
      ],
      [
        0.15387915074825287,
        0.09164991229772568,
        0.6006007194519043
      ],
      [
        0.20138131082057953,
        0.5356842279434204,
        0.6346003413200378
      ],
      [
        0.1481991410255432,
        0.21526066958904266,
        0.3818202018737793
      ]
    ]
  }
}