{
  "epoch": [
    1,
    2,
    3,
    4,
    5,
    6,
    7,
    8,
    9,
    10,
    11,
    12,
    13,
    14,
    15,
    16,
    17,
    18,
    19,
    20,
    21,
    22,
    23,
    24,
    25,
    26,
    27,
    28,
    29,
    30,
    31,
    32
  ],
  "train_loss": [
    0.6281569819306246,
    0.4651774698751099,
    0.2909930541135502,
    0.24343140239379268,
    0.23096699513476202,
    0.2153040161473625,
    0.2177662036243254,
    0.20341414423373244,
    0.22918530833210693,
    0.22413682688018235,
    0.20123337423170845,
    0.22745003290380578,
    0.19582929678017305,
    0.19982656866537232,
    0.20324130422935377,
    0.19512845001532989,
    0.23639999138618295,
    0.18871764930654833,
    0.21966145985222582,
    0.19825862592991714,
    0.19237897194152515,
    0.20649958425377418,
    0.21338819017075472,
    0.1957783165296319,
    0.20342499119058363,
    0.2035174536464797,
    0.1857630328207232,
    0.20997823770122803,
    0.20430621414701045,
    0.18337029746501363,
    0.20751638053646615,
    0.21068494400990098
  ],
  "train_accuracy": [
    0.6347607052896725,
    0.8438287153652393,
    0.8967254408060453,
    0.9143576826196473,
    0.924433249370277,
    0.9269521410579346,
    0.9193954659949622,
    0.9168765743073047,
    0.8992443324937027,
    0.9143576826196473,
    0.9168765743073047,
    0.906801007556675,
    0.9319899244332494,
    0.9193954659949622,
    0.9168765743073047,
    0.9219143576826196,
    0.9093198992443325,
    0.9319899244332494,
    0.9093198992443325,
    0.924433249370277,
    0.9219143576826196,
    0.9193954659949622,
    0.9143576826196473,
    0.9219143576826196,
    0.9042821158690176,
    0.9118387909319899,
    0.924433249370277,
    0.906801007556675,
    0.9219143576826196,
    0.9168765743073047,
    0.9118387909319899,
    0.9118387909319899
  ],
  "val_loss": [
    0.5269669613172842,
    0.29340178744737494,
    0.1820433469012726,
    0.1701540742502656,
    0.22341078944330992,
    0.1682684061139129,
    0.1670064938276313,
    0.150773917519769,
    0.19593781163526136,
    0.15889080371274505,
    0.1599958727872649,
    0.17808330474897874,
    0.1415353852302529,
    0.15726003224073454,
    0.13947511048511016,
    0.1684864727390367,
    0.12732492092736933,
    0.12862058087836864,
    0.18288784872653874,
    0.1458324237271797,
    0.1771820918765179,
    0.13876967028129933,
    0.15329562716705855,
    0.1283583190552024,
    0.13690846049508384,
    0.12913991172992906,
    0.16913469672896142,
    0.14092010588839995,
    0.13252583899816803,
    0.22164053838093614,
    0.1436547127573989,
    0.13464825704347255
  ],
  "val_accuracy": [
    0.7906976744186046,
    0.9302325581395349,
    0.9418604651162791,
    0.9418604651162791,
    0.9069767441860465,
    0.9418604651162791,
    0.9302325581395349,
    0.9534883720930233,
    0.9069767441860465,
    0.9418604651162791,
    0.9418604651162791,
    0.9418604651162791,
    0.9302325581395349,
    0.9302325581395349,
    0.9534883720930233,
    0.9302325581395349,
    0.9418604651162791,
    0.9418604651162791,
    0.9302325581395349,
    0.9418604651162791,
    0.9069767441860465,
    0.9418604651162791,
    0.9302325581395349,
    0.9651162790697675,
    0.9534883720930233,
    0.9418604651162791,
    0.9186046511627907,
    0.9534883720930233,
    0.9418604651162791,
    0.9186046511627907,
    0.9302325581395349,
    0.9534883720930233
  ],
  "learning_rate": [
    0.01,
    0.01,
    0.01,
    0.01,
    0.01,
    0.01,
    0.01,
    0.01,
    0.01,
    0.01,
    0.01,
    0.01,
    0.01,
    0.01,
    0.01,
    0.01,
    0.01,
    0.01,
    0.01,
    0.01,
    0.01,
    0.01,
    0.01,
    0.01,
    0.01,
    0.01,
    0.01,
    0.01,
    0.01,
    0.01,
    0.01,
    0.01
  ],
  "epoch_seconds": [
    5.482789300032891,
    5.244573800009675,
    5.486567400046624,
    5.395423999987543,
    5.334087199997157,
    5.36569290002808,
    5.703251900034957,
    5.533074699924327,
    5.337472799932584,
    5.417803000076674,
    5.85683569998946,
    5.761275900062174,
    5.66303469997365,
    5.935666300007142,
    5.906126499990933,
    5.836504699895158,
    5.69542340002954,
    6.066076400107704,
    5.823162000044249,
    5.871686000027694,
    5.58417340007145,
    5.897675999905914,
    5.806105499970727,
    5.808535600081086,
    5.788224300020374,
    5.746921499958262,
    5.728029799996875,
    5.657770700054243,
    5.822378800017759,
    5.5287467000307515,
    5.6185404000571,
    5.555438500014134
  ],
  "best_checkpoint": [
    true,
    true,
    true,
    true,
    false,
    true,
    true,
    true,
    false,
    false,
    false,
    false,
    true,
    false,
    true,
    false,
    true,
    false,
    false,
    false,
    false,
    false,
    false,
    false,
    false,
    false,
    false,
    false,
    false,
    false,
    false,
    false
  ]
}